Year,2012,,,,2008,,,,2004,,,,2000,,,,,1996,,,,,1992,,,,,1988,,,,1984,,,,1980,,,,,1976,,,,1972,,,,1968,,,,,1964,,,,1960,,,,,1956,,,,,1952,,,,1948,,,,,,1944,,,,1940,,,,1936,,,,1932,,,,,1928,,,,1924,,,,,1920,,,,,1916,,,,,1912,,,,,,1908,,,,,1904,,,,,1900,,,,1896,,,,1892,,,,,1888,,,,1884,,,,1880,,,,,1876,,,,1872,,,,1868,,,,1864,,,,1860,,,,1856,,,1852,,,,,1848,,,,,1844,,,,,1840,,,,1836,,,,,,1832,,,,,1828,,,
State,"Obama, Barack - Democratic","Romney, Mitt - Republican",PVI,,"Obama, Barack - Democratic","McCain, John - Republican",PVI,,"Kerry, John - Democratic","Bush, George W. - Republican",PVI,,"Gore, Al - Democratic","Bush, George W. - Republican","Nader, Ralph - Green",PVI,,"Clinton, Bill - Democratic","Dole, Bob - Republican","Perot, Ross - Reform",PVI,,"Clinton, Bill - Democratic","Bush, George H.W. - Republican","Perot, Ross - Independent",PVI,,"Dukakis, Michael - Democratic","Bush, George H.W. - Republican",PVI,,"Mondale, Walter - Democratic","Reagan, Ronald - Republican",PVI,,"Carter, Jimmy - Democratic","Reagan, Ronald - Republican","Anderson, John - Independent",PVI,,"Carter, Jimmy - Democratic","Ford, Gerald - Republican",PVI,,"McGovern, George - Democratic","Nixon, Richard - Republican",PVI,,"Humphrey, Hubert - Democratic","Nixon, Richard - Republican","Wallace, George - American Independent",PVI,,"Johnson, Lyndon (LBJ) - Democratic","Goldwater, Barry - Republican",PVI,,"Kennedy, Jack (JFK) - Democratic","Nixon, Richard - Republican","Other (Unpledge Democratic, etc.)",PVI,,"Stevenson, Adlai - Democratic","Eisenhower, Dwight - Republican","Other (Unpledged Democratic, etc.)",PVI,,"Stevenson, Adlai - Democratic","Eisenhower, Dwight - Republican",PVI,,"Truman, Harry - Democratic","Dewey, Thomas - Republican","Thurmond, Strom - States' Rights ""Dixiecrat""","Wallace, Henry - Progressive",PVI,,"Roosevelt, Franklin (FDR) - Democratic","Dewey, Thomas - Republican",PVI,,"Roosevelt, Franklin (FDR) - Democratic","Wilkie, Wendell - Republican",PVI,,"Roosevelt, Franklin (FDR) - Democratic","Landon, Alf - Republican",PVI,,"Roosevelt, Franklin (FDR) - Democratic","Hoover, Herbert - Republican","Thomas, Norman - Socialist",PVI,,"Smith, Al - Democratic","Hoover, Herbert - Republican",PVI,,"Davis, John - Democratic","Coolidge, Calvin - Republican","LaFollette, Robert - Progressive",PVI,,"Cox, John - Democratic","Harding, Warren - Republican","Debs, Eugene - Socialist",PVI,,"Wilson, Woodrow - Democratic","Hughes, Charles - Republican","Benson, Allan - Socialist",PVI,,"Wilson, Woodrow - Democratic","Taft, William - Republican","Roosevelt, Theodore ""Teddy"" - Progressive ""Bull Moose""","Debs, Eugene - Socialist",PVI,,"Bryan, William - Democratic","Taft, William - Republican","Debs, Eugene - Socialist",PVI,,"Parker, Alton - Democratic","Roosevelt, Theodore (Teddy) - Democratic","Debs, Eugene - Socialist",PVI,,"Bryan, William - Democratic","McKinley, William - Republican",PVI,,"Bryan, William - Democratic","McKinley, William - Republican",PVI,,"Cleveland, Grover - Democratic","Harrison, Benjamin - Republican","Weaver, James - Populist",PVI,,"Cleveland, Grover - Democratic","Harrison, Benjamin - Republican",PVI,,"Cleveland, Grover - Democratic","Blaine, James - Republican",PVI,,"Hancock, Winfield - Democratic","Garfield, James - Republican","Weaver, James - Greenback",PVI,,"Tilden, Samuel - Democratic","Hayes, Rutherford - Republican",PVI,,"Greeley, Horace - Liberal Republican/Democratic","Grant, Ulysses - Republican",PVI,,"Seymour, Horatio - Democratic","Grant, Ulysses - Republican",PVI,,"McClellan, George - Democratic","Lincoln, Abraham - National Union (Republican)",PVI,,"Douglas, Stephen - (Northern) Democratic","Lincoln, Abraham - Republican","Breckinridge, John - Southern Democratic","Bell, John - Constitutional Union","Buchanan, James - Democratic","Fremont, John - Republican","Fillmore, Millard - American - ""Know-Nothing"" (in the South) / Whig (in the North)","Pierce, Franklin - Democratic","Scott, Winfield - Whig","Hale, John - Free Soil",PVI,,"Cass, Lewis - Democratic","Taylor, Zachary - Whig","Van Buren, Martin - Free Soil",PVI,,"Polk, James - Democratic","Clay, Henry - Whig","Birney, James - Liberty",PVI,,"Van Buren, Martin - Democratic","Harrison, William - Whig",PVI,,"Van Buren, Martin - Democratic","Harrison, William - Whig","White, Hugh - Whig","Webster, Daniel - Whig",PVI,,"Jackson, Andrew - Democratic","Clay, Henry - National Republican","Wirt, William - Anti-Masonic",PVI,,"Jackson, Andrew - Democratic","Adams, John Quincy - National Republican",PVI,
Nationwide,51.0%,47.1%,Even,,52.9%,45.6%,Even,,48.3%,50.7%,Even,,48.4%,47.9%,2.7%,Even,,49.2%,40.7%,8.4%,Even,,43.0%,37.4%,18.9%,Even,,45.6%,53.4%,Even,,40.6%,58.8%,Even,,41.0%,50.7%,6.6%,Even,,50.1%,48.0%,Even,,37.5%,60.7%,Even,,42.7%,43.4%,13.5%,Even,,61.1%,38.5%,Even,,49.7%,49.6%,0.7%,Even,,42.0%,57.4%,0.7%,Even,,44.3%,55.2%,Even,,49.6%,45.1%,2.4%,2.4%,Even,,53.4%,45.9%,Even,,54.7%,44.8%,Even,,60.8%,36.5%,Even,,57.4%,39.6%,2.2%,Even,,40.8%,58.2%,Even,,28.8%,54.0%,16.6%,Even,,34.1%,60.3%,3.4%,Even,,49.2%,46.1%,3.2%,Even,,41.8%,23.2%,27.4%,6.0%,Even,,43.0%,51.6%,2.8%,Even,,37.6%,56.4%,3.0%,Even,,45.5%,51.6%,Even,,46.7%,51.0%,Even,,46.0%,43.0%,8.5%,Even,,48.6%,47.8%,Even,,48.9%,48.3%,Even,,48.2%,48.3%,3.3%,Even,,50.9%,47.9%,Even,,43.8%,55.6%,Even,,47.3%,52.7%,Even,,45.0%,55.0%,Even,,29.5%,39.6%,18.2%,12.6%,45.3%,33.1%,21.5%,50.8%,43.9%,4.9%,Even,,42.5%,47.3%,10.1%,Even,,49.5%,48.1%,2.3%,Even,,46.8%,52.9%,Even,,50.8%,36.6%,9.7%,2.7%,Even,,54.7%,36.9%,7.8%,Even,,55.9%,43.7%,Even,
Alabama,38.4%,60.5%,R+,13,38.7%,60.3%,R+,15,36.8%,62.5%,R+,12,41.6%,56.5%,1.1%,R+,8,43.2%,50.1%,6.0%,R+,8,40.9%,47.6%,10.8%,R+,7,39.9%,59.2%,R+,6,38.3%,60.5%,R+,2,47.4%,48.8%,1.2%,D+,5,55.7%,42.6%,D+,6,25.5%,72.4%,R+,12,18.7%,14.0%,65.9%,D+,8,,69.5%,R+,61,56.4%,42.2%,1.5%,D+,7,56.5%,39.4%,4.1%,D+,17,64.6%,35.0%,D+,20,,19.0%,79.7%,0.7%,R+,52,81.3%,18.2%,D+,28,85.2%,14.3%,D+,31,86.4%,12.8%,D+,25,84.7%,14.1%,0.8%,D+,27,51.3%,48.5%,D+,10,69.7%,25.0%,5.0%,D+,39,61.7%,37.1%,0.9%,D+,26,76.0%,21.9%,1.5%,D+,26,69.9%,8.2%,19.2%,2.6%,D+,25,70.7%,24.3%,1.4%,D+,29,73.4%,20.7%,0.8%,D+,38,60.8%,34.8%,D+,17,67.0%,28.6%,D+,22,59.4%,3.9%,36.5%,D+,42,67.0%,32.7%,D+,17,60.4%,38.7%,D+,11,60.0%,37.1%,2.9%,D+,12,60.0%,40.0%,D+,8,46.8%,53.2%,D+,3,48.7%,51.3%,D+,1,Civil War,,,,15.1%,,54.0%,30.9%,62.1%,,37.9%,60.9%,34.1%,,D+,10,50.6%,49.4%,,D+,3,59.0%,41.0%,,D+,8,54.4%,45.6%,D+,7,55.3%,,44.7%,,D+,4,100.0%,0.0%,,D+,40,89.9%,10.1%,D+,34
Alaska,40.8%,54.8%,R+,9,37.9%,59.4%,R+,15,35.5%,61.1%,R+,12,27.7%,58.6%,10.1%,R+,18,33.3%,50.8%,10.9%,R+,15,30.3%,39.5%,28.4%,R+,10,36.3%,59.6%,R+,8,29.9%,66.7%,R+,10,26.4%,54.3%,7.0%,R+,12,35.7%,57.9%,R+,13,34.6%,58.1%,R+,1,42.6%,45.3%,12.1%,R+,1,65.9%,34.1%,D+,5,49.1%,50.9%,0.0%,R+,1,,,,,,,,,,,,,,,,,,,,,,,,,,,,,,,,,,,,,,,,,,,,,,,,,,,,,,,,,,,,,,,,,,,,,,,,,,,,,,,,,,,,,,,,,,,,,,,,,,,,,,,,,,,,,,,,,,,,,,,,,,,,,,,,,,,,,,,,,,,,,,,,,,,,,,
Arizona,44.4%,53.5%,R+,7,44.9%,53.4%,R+,8,44.3%,54.8%,R+,4,44.7%,51.0%,3.0%,R+,4,46.5%,44.3%,8.0%,R+,4,36.5%,38.5%,23.8%,R+,5,38.7%,60.0%,R+,7,32.5%,66.4%,R+,8,28.2%,60.6%,8.8%,R+,13,39.8%,56.4%,R+,10,30.4%,61.6%,R+,5,35.0%,54.8%,9.6%,R+,11,49.5%,50.4%,R+,12,44.4%,55.5%,0.1%,R+,6,38.9%,61.0%,0.1%,R+,3,41.7%,58.3%,R+,3,53.8%,43.8%,,1.9%,D+,3,58.8%,40.9%,D+,5,63.5%,36.0%,D+,9,69.8%,26.9%,D+,10,67.0%,30.5%,2.2%,D+,10,42.2%,57.6%,D+,1,35.5%,41.3%,23.3%,D+,11,44.4%,55.6%,,D+,8,57.2%,35.4%,5.5%,D+,10,43.5%,12.7%,29.3%,13.3%,D+,13,,,,,,,,,,,,,,,,,,,,,,,,,,,,,,,,,,,,,,,,,,,,,,,,,,,,,,,,,,,,,,,,,,,,,,,,,,,,,,,,,,,,,,,,,,,,,
Arkansas,36.9%,60.6%,R+,14,38.9%,58.7%,R+,14,44.5%,54.3%,R+,4,45.9%,51.3%,1.5%,R+,3,53.7%,36.8%,7.9%,D+,5,53.2%,35.5%,10.4%,D+,7,42.2%,56.4%,R+,3,38.3%,60.5%,R+,2,47.5%,48.1%,2.7%,D+,5,64.9%,34.9%,D+,14,30.7%,68.8%,R+,7,30.3%,31.0%,38.7%,R+,0,56.1%,43.4%,R+,5,50.2%,43.1%,6.8%,D+,4,52.5%,45.8%,1.7%,D+,11,55.9%,43.8%,D+,12,61.7%,21.0%,16.5%,0.3%,D+,22,70.0%,29.8%,D+,16,79.0%,21.0%,D+,24,81.8%,17.9%,D+,20,86.0%,12.9%,0.6%,D+,28,60.3%,39.3%,D+,19,61.2%,29.3%,9.5%,D+,33,58.5%,38.7%,2.8%,D+,24,66.0%,28.7%,4.1%,D+,18,55.0%,20.5%,17.3%,6.5%,D+,9,57.3%,37.3%,3.8%,D+,15,55.3%,40.3%,1.6%,D+,18,63.5%,35.0%,D+,18,73.7%,25.1%,D+,27,59.3%,31.8%,8.0%,D+,13,54.8%,38.0%,D+,9,57.8%,40.7%,D+,8,56.1%,38.7%,3.8%,D+,9,59.9%,39.9%,D+,9,47.8%,52.2%,D+,4,46.3%,53.7%,R+,1,Civil War,,,,9.9%,,53.1%,37.0%,67.1%,,32.9%,62.2%,37.8%,,D+,9,55.1%,44.9%,,D+,8,63.0%,37.0%,,D+,12,56.4%,43.6%,D+,9,64.1%,,35.9%,,D+,13,,,,,,,,,
California,60.2%,37.1%,D+,10,60.9%,36.9%,D+,9,54.3%,44.4%,D+,6,53.4%,41.7%,3.8%,D+,6,51.1%,38.2%,7.0%,D+,2,46.0%,32.6%,20.6%,D+,5,47.6%,51.1%,D+,2,41.3%,57.5%,D+,1,35.9%,52.7%,8.6%,R+,4,47.6%,49.3%,R+,2,41.5%,55.0%,D+,5,44.7%,47.8%,6.7%,R+,1,59.1%,40.8%,R+,2,49.6%,50.1%,0.3%,R+,0,44.3%,55.4%,0.3%,D+,2,42.3%,56.8%,R+,2,47.6%,47.1%,,4.7%,R+,2,56.5%,43.0%,D+,3,57.4%,41.3%,D+,3,67.0%,31.7%,D+,5,58.4%,37.4%,2.8%,D+,2,34.2%,64.7%,R+,7,8.2%,57.2%,33.1%,R+,22,24.3%,66.2%,6.8%,R+,9,46.6%,46.3%,4.3%,R+,1,41.8%,0.6%,41.8%,11.7%,D+,34,33.0%,55.5%,7.4%,R+,8,26.9%,61.8%,8.9%,R+,10,41.3%,54.5%,R+,4,48.5%,49.2%,D+,2,43.8%,43.8%,9.4%,R+,2,46.8%,49.7%,R+,2,45.3%,52.0%,R+,4,49.0%,48.9%,2.1%,D+,0,49.1%,50.9%,R+,2,42.5%,56.4%,R+,1,49.8%,50.2%,D+,2,41.4%,58.6%,R+,4,31.7%,32.3%,28.3%,7.6%,48.4%,18.8%,32.8%,53.0%,46.8%,0.1%,W+,1,,,,,,,,,,,,,,,,,,,,,,,,,,,,,
Colorado,51.4%,46.1%,D+,1,53.7%,44.7%,D+,1,47.0%,51.7%,R+,1,42.4%,50.8%,5.3%,R+,5,44.4%,45.8%,6.6%,R+,5,40.1%,35.9%,23.3%,R+,1,45.3%,53.1%,R+,0,35.1%,63.4%,R+,5,31.1%,55.1%,11.0%,R+,9,42.6%,54.1%,R+,7,34.6%,62.6%,R+,3,41.3%,50.5%,7.5%,R+,5,61.3%,38.2%,D+,0,44.9%,54.6%,0.5%,R+,5,39.8%,59.5%,0.7%,R+,2,39.0%,60.3%,R+,5,51.9%,46.5%,,1.2%,D+,0,46.4%,53.2%,R+,7,48.4%,50.9%,R+,6,60.4%,37.1%,R+,1,54.8%,41.4%,3.0%,R+,2,33.9%,64.7%,R+,7,22.0%,57.0%,20.4%,R+,7,35.9%,59.3%,2.8%,D+,2,60.7%,34.8%,3.4%,D+,12,42.8%,21.9%,27.1%,6.2%,D+,2,48.0%,46.9%,3.0%,D+,5,41.1%,55.3%,1.8%,D+,3,55.4%,42.0%,D+,10,84.9%,13.9%,D+,38,,41.1%,57.1%,R+,52,40.8%,55.2%,R+,8,41.7%,54.2%,R+,7,46.0%,51.3%,2.7%,R+,3,Republican,,,,,,,,,,,,,,,,,,,,,,,,,,,,,,,,,,,,,,,,,,,,,,,,,,,,,,,,
Connecticut,58.1%,40.7%,D+,7,60.6%,38.2%,D+,8,54.3%,43.9%,D+,7,55.9%,38.4%,4.4%,D+,9,52.8%,34.7%,10.0%,D+,6,42.2%,35.8%,21.6%,D+,1,46.9%,52.0%,D+,1,38.8%,60.7%,R+,2,38.5%,48.2%,12.2%,R+,0,46.9%,52.1%,R+,4,40.1%,58.6%,D+,2,49.5%,44.3%,6.1%,D+,3,67.8%,32.1%,D+,7,53.7%,46.3%,0.0%,D+,4,36.3%,63.7%,0.0%,R+,6,43.9%,55.7%,R+,0,47.9%,49.5%,,1.6%,R+,3,52.3%,46.9%,R+,1,53.4%,46.3%,R+,1,55.3%,40.3%,R+,5,47.4%,48.5%,3.4%,R+,10,45.6%,53.6%,D+,5,27.5%,61.5%,10.6%,R+,4,33.0%,62.7%,2.8%,R+,2,46.7%,49.8%,2.4%,R+,3,39.2%,35.9%,17.9%,5.3%,R+,12,35.9%,59.4%,2.7%,R+,8,38.1%,58.1%,2.4%,R+,0,41.1%,56.9%,R+,5,32.5%,63.2%,R+,14,50.1%,46.8%,0.5%,R+,0,48.7%,48.4%,R+,0,48.9%,48.0%,D+,0,48.5%,50.5%,0.7%,R+,1,50.7%,48.3%,R+,0,47.6%,52.4%,D+,4,48.5%,51.5%,D+,1,48.6%,51.4%,D+,4,21.5%,53.9%,20.5%,4.1%,43.6%,53.2%,3.3%,49.8%,45.5%,4.7%,W+,1,43.4%,48.6%,8.0%,W+,0,46.2%,50.8%,3.0%,W+,3,44.4%,55.6%,W+,3,50.6%,49.4%,,,W+,0,34.3%,55.3%,10.4%,R+,21,23.0%,71.4%,R+,32
Delaware,58.6%,40.0%,D+,7,61.9%,36.9%,D+,9,53.3%,45.7%,D+,5,55.0%,41.9%,2.5%,D+,6,51.8%,36.5%,10.6%,D+,4,43.5%,35.3%,20.4%,D+,2,43.5%,55.9%,R+,2,39.9%,59.8%,R+,1,44.9%,47.2%,6.9%,D+,4,52.0%,46.6%,D+,2,39.2%,59.6%,D+,1,41.6%,45.1%,13.3%,R+,2,60.9%,38.8%,R+,0,50.6%,49.0%,0.4%,D+,1,44.6%,55.1%,0.3%,D+,3,47.9%,51.8%,D+,4,48.8%,50.0%,,0.8%,R+,3,54.4%,45.3%,D+,1,54.7%,45.1%,R+,0,54.6%,44.9%,R+,8,48.1%,50.6%,1.2%,R+,10,34.6%,65.0%,R+,6,36.8%,57.7%,5.5%,D+,4,42.1%,55.7%,1.0%,D+,7,47.8%,50.2%,0.9%,R+,3,46.5%,32.9%,18.2%,1.1%,R+,6,45.9%,52.1%,0.5%,D+,1,44.1%,54.1%,0.3%,D+,5,44.9%,53.7%,R+,1,43.1%,53.2%,R+,3,49.9%,48.5%,0.0%,R+,1,55.1%,43.5%,D+,5,56.6%,43.2%,D+,6,51.5%,48.0%,0.4%,D+,2,55.4%,44.6%,D+,4,46.8%,51.0%,D+,4,59.0%,41.0%,D+,12,51.8%,48.2%,D+,7,6.6%,23.7%,45.5%,24.1%,54.8%,2.1%,43.0%,49.9%,49.7%,0.5%,W+,4,47.5%,51.8%,0.7%,D+,1,48.7%,51.2%,,W+,2,44.9%,55.0%,W+,2,46.7%,53.2%,,,W+,4,49.0%,51.0%,,R+,11,Democratic,,,
Florida,49.9%,49.0%,R+,2,50.9%,48.1%,R+,2,47.1%,52.1%,R+,1,48.8%,48.8%,1.6%,R+,0,48.0%,42.3%,9.1%,R+,2,39.0%,40.9%,19.8%,R+,5,38.5%,60.9%,R+,7,34.7%,65.3%,R+,6,38.5%,55.5%,5.1%,R+,4,51.9%,46.6%,D+,2,27.8%,71.9%,R+,10,30.9%,40.5%,28.5%,R+,6,51.1%,48.9%,R+,10,48.5%,51.5%,0.0%,R+,2,42.7%,57.3%,0.0%,D+,0,45.0%,55.0%,D+,0,48.8%,33.6%,15.5%,2.0%,D+,7,70.3%,29.7%,D+,17,74.0%,26.0%,D+,19,76.1%,23.9%,D+,14,74.7%,25.0%,0.3%,D+,16,40.1%,56.8%,D+,0,56.9%,28.1%,7.9%,D+,32,62.1%,30.8%,3.6%,D+,31,69.3%,18.1%,6.6%,D+,28,69.5%,8.4%,9.0%,9.5%,D+,25,63.0%,21.6%,7.6%,D+,29,68.3%,21.5%,6.0%,D+,36,71.3%,18.6%,D+,33,70.5%,24.3%,D+,27,85.0%,,13.7%,D+,48,59.5%,39.9%,D+,9,53.0%,46.7%,D+,3,54.2%,45.8%,,D+,4,49.0%,51.0%,R+,3,46.5%,53.5%,D+,2,Republican,,,,Civil War,,,,1.7%,,62.2%,36.1%,56.8%,,43.2%,60.0%,40.0%,,D+,6,42.8%,57.2%,,W+,5,,,,,,,,,,,,,,,,,,,,,,,,
Georgia,45.4%,53.2%,R+,6,46.9%,52.1%,R+,6,41.3%,57.9%,R+,7,43.0%,54.7%,0.5%,R+,6,45.8%,47.0%,6.4%,R+,5,43.5%,42.9%,13.3%,R+,3,39.5%,59.8%,R+,6,39.8%,60.2%,R+,1,55.8%,41.0%,2.3%,D+,13,66.7%,33.0%,D+,16,24.6%,75.0%,R+,13,26.7%,30.4%,42.8%,R+,3,45.9%,54.1%,R+,15,62.5%,37.4%,0.0%,D+,12,66.5%,32.7%,0.9%,D+,25,69.7%,30.3%,D+,25,60.8%,18.3%,20.3%,0.4%,D+,24,81.7%,18.3%,D+,28,84.8%,14.8%,D+,30,87.1%,12.6%,D+,25,91.6%,7.8%,0.2%,D+,33,56.6%,43.4%,D+,15,74.0%,18.2%,7.6%,D+,45,72.1%,27.6%,0.3%,D+,36,79.5%,7.0%,0.6%,D+,40,76.6%,4.3%,18.1%,0.9%,D+,30,54.6%,31.2%,0.4%,D+,18,63.7%,18.3%,0.1%,D+,38,66.9%,28.2%,D+,23,57.8%,36.6%,D+,13,58.0%,21.7%,18.8%,D+,21,70.3%,28.3%,D+,21,65.9%,33.8%,D+,16,65.4%,34.6%,,D+,15,72.0%,28.0%,D+,21,55.0%,45.0%,D+,11,64.3%,35.7%,D+,17,Civil War,,,,10.9%,,48.9%,40.3%,57.1%,,42.9%,64.7%,26.6%,,D+,17,48.5%,51.5%,,D+,1,51.2%,48.8%,,D+,0,44.2%,55.8%,W+,3,48.2%,,51.8%,,W+,3,100%,,,D+,40,96.8%,3.2%,D+,41
Hawaii,70.5%,27.8%,D+,20,71.8%,26.6%,D+,19,54.0%,45.3%,D+,6,55.8%,37.5%,5.9%,D+,10,56.9%,31.6%,7.6%,D+,10,48.1%,36.7%,14.2%,D+,3,54.3%,44.8%,D+,9,43.8%,55.1%,D+,3,44.8%,42.9%,10.6%,D+,6,50.6%,48.1%,D+,0,37.5%,62.5%,R+,1,59.8%,38.7%,1.5%,D+,11,78.8%,21.2%,D+,17,50.0%,50.0%,0.0%,R+,0,,,,,,,,,,,,,,,,,,,,,,,,,,,,,,,,,,,,,,,,,,,,,,,,,,,,,,,,,,,,,,,,,,,,,,,,,,,,,,,,,,,,,,,,,,,,,,,,,,,,,,,,,,,,,,,,,,,,,,,,,,,,,,,,,,,,,,,,,,,,,,,,,,,,,,
Idaho,32.4%,64.1%,R+,18,35.9%,61.2%,R+,17,30.3%,68.4%,R+,18,27.6%,67.2%,2.5%,R+,21,33.6%,52.2%,12.7%,R+,16,28.4%,42.0%,27.0%,R+,13,36.0%,62.1%,R+,9,26.4%,72.4%,R+,14,25.2%,66.5%,6.2%,R+,17,37.1%,59.9%,R+,13,26.0%,64.2%,R+,9,30.7%,56.8%,12.5%,R+,15,50.9%,49.1%,R+,10,46.2%,53.8%,0.0%,R+,4,38.8%,61.2%,0.1%,R+,3,34.4%,65.4%,R+,10,50.0%,47.3%,,2.3%,R+,1,51.6%,48.1%,R+,2,54.4%,45.3%,R+,0,63.0%,33.2%,D+,3,58.7%,38.3%,0.3%,D+,1,34.9%,64.2%,R+,6,16.4%,47.1%,36.5%,R+,9,34.3%,65.6%,0.0%,R+,2,52.0%,41.1%,6.0%,D+,4,32.1%,31.0%,24.1%,11.3%,R+,14,37.2%,54.1%,6.6%,R+,5,25.5%,65.8%,6.8%,R+,12,50.8%,47.0%,D+,5,78.1%,21.3%,D+,31,,44.3%,54.2%,R+,52,,,,,,,,,,,,,,,,,,,,,,,,,,,,,,,,,,,,,,,,,,,,,,,,,,,,,,,,,,,,,,,,,,,,,,
Illinois,57.5%,40.7%,D+,7,61.8%,36.7%,D+,9,54.8%,44.5%,D+,6,54.6%,42.6%,2.2%,D+,6,54.3%,36.8%,8.0%,D+,5,48.6%,34.3%,16.6%,D+,5,48.6%,50.7%,D+,3,43.3%,56.2%,D+,3,41.7%,49.6%,7.3%,D+,1,48.1%,50.1%,R+,2,40.5%,59.0%,D+,2,44.2%,47.1%,8.5%,R+,1,59.5%,40.5%,R+,2,50.0%,49.8%,0.2%,D+,0,40.3%,59.5%,0.2%,R+,2,44.9%,54.8%,D+,0,50.1%,49.2%,,,R+,2,51.5%,48.0%,R+,2,51.0%,48.5%,R+,4,57.7%,39.7%,R+,3,55.2%,42.0%,2.0%,R+,2,42.3%,56.9%,D+,1,23.4%,58.8%,17.5%,R+,6,25.5%,67.8%,3.6%,R+,9,43.3%,52.6%,2.8%,R+,6,35.3%,22.1%,33.7%,7.1%,R+,3,39.0%,54.5%,3.0%,R+,4,30.4%,58.8%,6.4%,R+,6,44.4%,52.8%,R+,1,42.7%,55.7%,R+,4,48.8%,45.7%,2.5%,R+,0,46.6%,49.5%,R+,2,46.4%,50.2%,R+,2,44.6%,51.1%,4.2%,R+,3,46.7%,50.2%,R+,3,43.0%,56.3%,R+,1,44.3%,55.7%,R+,3,45.6%,54.4%,D+,1,47.2%,50.7%,0.7%,1.4%,44.1%,40.2%,15.7%,51.9%,41.8%,6.4%,D+,2,44.9%,42.4%,12.6%,D+,4,53.9%,42.0%,3.2%,D+,5,50.9%,48.9%,D+,4,54.7%,45.3%,,,D+,4,68.0%,31.4%,0.5%,D+,9,67.2%,32.8%,D+,11
Indiana,43.8%,54.0%,R+,7,49.8%,48.8%,R+,3,39.3%,59.9%,R+,9,41.0%,56.6%,0.8%,R+,8,41.5%,47.1%,10.5%,R+,8,36.8%,42.9%,19.8%,R+,7,39.7%,59.8%,R+,6,37.7%,61.7%,R+,3,37.7%,56.0%,5.0%,R+,4,45.7%,53.3%,R+,5,33.3%,66.1%,R+,5,38.0%,50.3%,11.4%,R+,7,56.0%,43.6%,R+,5,44.6%,55.0%,0.4%,R+,5,39.7%,59.9%,0.4%,R+,2,41.0%,58.1%,R+,3,48.8%,49.6%,,0.6%,R+,3,46.7%,52.4%,R+,7,49.0%,50.5%,R+,6,56.6%,41.9%,R+,5,54.7%,42.9%,1.4%,R+,3,39.6%,59.7%,R+,1,38.7%,55.3%,5.6%,D+,6,40.5%,55.1%,2.0%,D+,6,46.5%,47.4%,3.0%,R+,2,43.1%,23.1%,24.8%,5.6%,D+,1,46.9%,48.4%,1.9%,D+,4,40.2%,54.0%,1.8%,D+,3,46.6%,50.6%,D+,1,48.0%,50.8%,D+,1,47.5%,46.2%,4.0%,R+,1,48.6%,49.0%,R+,1,49.5%,48.1%,D+,0,47.9%,49.3%,2.8%,R+,1,48.6%,47.4%,R+,1,46.6%,53.0%,D+,3,48.6%,51.4%,D+,1,46.4%,53.6%,D+,1,42.4%,51.1%,4.5%,1.9%,50.4%,40.1%,9.5%,52.1%,44.2%,3.8%,D+,0,48.9%,45.8%,5.3%,D+,4,50.1%,48.4%,1.5%,D+,0,44.1%,55.9%,W+,3,44.0%,56.0%,,,W+,7,67.1%,32.9%,,D+,7,56.6%,43.4%,D+,0
Iowa,52.0%,46.2%,D+,1,53.9%,44.4%,D+,1,49.2%,49.9%,D+,1,48.5%,48.2%,2.2%,R+,0,50.3%,39.9%,8.5%,D+,1,43.3%,37.3%,18.7%,D+,0,54.7%,44.5%,D+,9,45.9%,53.3%,D+,5,38.6%,51.3%,8.8%,R+,2,48.5%,49.5%,R+,2,40.5%,57.6%,D+,3,40.8%,53.0%,5.7%,R+,6,61.9%,37.9%,D+,1,43.2%,56.7%,0.1%,R+,7,40.7%,59.1%,0.3%,R+,1,35.6%,63.8%,R+,9,50.3%,47.6%,,1.2%,R+,1,47.5%,52.0%,R+,6,47.6%,52.0%,R+,7,54.4%,42.7%,R+,6,57.7%,40.0%,2.0%,R+,0,37.6%,61.8%,R+,3,16.4%,55.0%,28.1%,R+,12,25.5%,70.9%,1.9%,R+,10,42.9%,54.2%,2.1%,R+,7,37.6%,24.3%,32.9%,3.4%,R+,4,40.6%,55.6%,1.7%,R+,3,30.7%,63.4%,3.1%,R+,7,39.5%,58.0%,R+,6,42.9%,55.5%,R+,4,44.3%,49.6%,4.6%,R+,5,44.5%,52.4%,R+,4,47.0%,52.3%,R+,3,32.8%,57.0%,10.0%,R+,13,38.3%,58.5%,R+,12,32.9%,60.8%,R+,9,38.1%,61.9%,R+,9,35.9%,64.1%,R+,9,43.2%,54.6%,0.8%,1.4%,40.7%,48.8%,10.5%,50.2%,44.8%,4.5%,W+,1,50.5%,44.6%,5.0%,D+,6,,,,,,,,,,,,,,,,,,,,,,,,
Kansas,38.0%,59.7%,R+,13,41.6%,56.5%,R+,11,36.6%,62.0%,R+,12,37.2%,58.0%,3.4%,R+,11,36.1%,54.3%,8.6%,R+,15,33.7%,38.9%,27.0%,R+,7,42.6%,55.8%,R+,3,32.6%,66.3%,R+,8,33.3%,57.9%,7.0%,R+,8,44.9%,52.5%,R+,5,29.5%,67.7%,R+,8,34.7%,54.8%,10.2%,R+,11,54.1%,45.1%,R+,7,39.1%,60.4%,0.4%,R+,11,34.2%,65.4%,0.4%,R+,8,30.5%,68.8%,R+,14,44.6%,53.6%,,0.6%,R+,7,39.2%,60.2%,R+,14,42.4%,56.9%,R+,12,53.7%,46.0%,R+,9,53.6%,44.1%,2.3%,R+,4,27.1%,72.0%,R+,14,23.6%,61.5%,14.9%,R+,7,32.5%,64.7%,2.7%,R+,3,49.9%,44.1%,3.9%,D+,1,39.3%,20.5%,32.9%,7.3%,D+,1,42.9%,52.5%,3.3%,R+,1,26.2%,64.8%,4.8%,R+,11,46.0%,52.6%,R+,0,51.3%,47.6%,D+,4,,48.4%,50.2%,R+,52,31.0%,55.2%,R+,14,33.9%,58.1%,R+,13,29.7%,60.4%,9.9%,R+,17,30.5%,63.1%,R+,19,32.8%,66.5%,R+,11,31.2%,68.8%,R+,16,17.8%,79.2%,R+,27,,,,,,,,,,,,,,,,,,,,,,,,,,,,,,,,,,,,,,,,,
Kentucky,37.8%,60.5%,R+,14,41.1%,57.4%,R+,12,39.7%,59.5%,R+,9,41.4%,56.5%,1.5%,R+,8,45.8%,44.9%,8.7%,R+,4,44.6%,41.3%,13.7%,R+,2,43.9%,55.5%,R+,2,39.4%,60.0%,R+,1,47.6%,49.1%,2.4%,D+,5,52.8%,45.6%,D+,3,34.8%,63.4%,R+,3,37.6%,43.8%,18.3%,R+,3,64.0%,35.7%,D+,3,46.4%,53.6%,0.0%,R+,4,45.2%,54.3%,0.5%,D+,3,49.9%,49.8%,D+,5,56.7%,41.5%,1.3%,0.2%,D+,5,54.5%,45.2%,D+,1,57.4%,42.3%,D+,3,58.5%,39.9%,R+,3,59.1%,40.2%,0.4%,D+,0,40.5%,59.4%,R+,1,46.0%,48.9%,4.7%,D+,14,49.7%,49.3%,0.7%,D+,14,51.9%,46.5%,0.9%,D+,1,48.5%,25.5%,22.5%,2.6%,D+,1,49.7%,48.0%,0.8%,D+,5,49.8%,47.1%,0.8%,D+,11,50.2%,48.5%,D+,4,48.9%,48.9%,D+,2,51.5%,39.7%,6.9%,D+,5,53.3%,45.0%,D+,4,55.3%,42.9%,D+,6,55.7%,39.9%,4.3%,D+,8,61.4%,37.4%,D+,11,52.3%,46.4%,D+,9,74.5%,25.5%,D+,27,69.8%,30.2%,D+,25,17.5%,0.9%,36.3%,45.2%,52.5%,,47.5%,48.3%,51.4%,0.2%,W+,5,42.5%,57.5%,,W+,5,45.9%,54.1%,,W+,5,35.8%,64.2%,W+,11,47.4%,52.6%,,,W+,3,45.5%,54.5%,,R+,14,55.5%,44.5%,R+,1
Louisiana,40.6%,57.8%,R+,11,39.9%,58.6%,R+,13,42.2%,56.7%,R+,6,44.9%,52.6%,1.2%,R+,4,52.0%,39.9%,6.9%,D+,2,45.6%,41.0%,11.8%,R+,1,44.1%,54.3%,R+,1,38.2%,60.8%,R+,2,45.7%,51.2%,1.7%,D+,2,51.7%,46.0%,D+,2,28.4%,65.3%,R+,8,28.2%,23.5%,48.3%,D+,5,43.2%,56.8%,R+,18,50.4%,28.6%,21.0%,D+,14,39.5%,53.3%,7.2%,D+,0,52.9%,47.1%,D+,8,32.7%,17.5%,49.1%,0.7%,D+,13,80.6%,19.4%,D+,27,85.9%,14.1%,D+,31,88.8%,11.2%,D+,26,92.8%,7.0%,,D+,34,76.3%,23.7%,D+,35,76.4%,20.2%,,D+,44,69.2%,30.5%,,D+,33,85.9%,7.0%,0.3%,D+,41,76.8%,4.8%,11.7%,6.6%,D+,30,84.6%,11.9%,3.3%,D+,42,88.5%,9.7%,1.8%,D+,50,79.0%,21.0%,D+,32,76.4%,21.8%,D+,30,76.5%,23.5%,,D+,25,73.4%,26.5%,D+,23,57.2%,42.4%,D+,7,62.3%,37.3%,0.4%,D+,13,48.4%,51.6%,R+,3,44.3%,55.7%,D+,0,70.7%,29.3%,D+,23,Civil War,,,,15.1%,,44.9%,40.0%,51.7%,,48.3%,51.9%,48.1%,,W+,2,45.4%,54.6%,,W+,2,51.3%,48.7%,,D+,1,40.3%,59.7%,W+,7,51.7%,,48.3%,,D+,1,61.7%,38.3%,,D+,2,53.0%,47.0%,R+,3
Maine,56.3%,41.0%,D+,6,57.7%,40.4%,D+,5,53.6%,44.6%,D+,6,49.1%,44.0%,5.7%,D+,2,51.6%,30.8%,14.2%,D+,8,38.8%,30.4%,30.4%,D+,3,43.9%,55.3%,R+,2,38.8%,60.8%,R+,2,42.3%,45.6%,10.2%,D+,3,48.1%,48.9%,R+,1,38.5%,61.5%,D+,0,55.3%,43.1%,1.6%,D+,7,68.8%,31.1%,D+,7,43.0%,57.0%,0.0%,R+,7,29.1%,70.9%,0.0%,R+,13,33.8%,66.0%,R+,11,42.3%,56.7%,,0.7%,R+,10,47.4%,52.4%,R+,6,48.8%,51.1%,R+,6,41.5%,55.5%,R+,20,43.2%,55.8%,0.8%,R+,16,31.0%,68.6%,R+,10,21.8%,72.0%,5.9%,R+,12,29.8%,68.9%,1.1%,R+,6,47.0%,51.0%,1.6%,R+,4,39.4%,20.5%,37.4%,2.0%,D+,1,33.3%,63.0%,1.7%,R+,11,28.5%,67.4%,2.2%,R+,10,34.8%,61.9%,R+,11,29.2%,67.9%,R+,18,41.3%,54.0%,2.1%,R+,8,39.4%,57.5%,R+,10,40.0%,55.3%,R+,8,45.3%,51.5%,3.1%,R+,3,42.6%,56.6%,R+,9,32.1%,67.9%,R+,12,37.6%,62.4%,R+,10,40.9%,59.1%,R+,4,29.4%,62.2%,6.3%,2.0%,35.7%,61.3%,3.0%,50.6%,39.6%,9.8%,D+,2,45.9%,40.3%,13.9%,D+,6,53.8%,40.5%,5.7%,D+,6,49.8%,50.2%,D+,3,58.9%,38.2%,,,D+,10,54.7%,44.0%,1.4%,R+,4,40.0%,59.7%,R+,16
Maryland,62.0%,35.9%,D+,11,61.9%,36.5%,D+,9,55.9%,42.9%,D+,8,56.6%,40.2%,2.7%,D+,8,54.3%,38.3%,6.5%,D+,4,49.8%,35.6%,14.2%,D+,5,48.2%,51.1%,D+,2,47.0%,52.5%,D+,6,47.1%,44.2%,7.8%,D+,7,53.0%,47.0%,D+,2,37.4%,61.3%,R+,0,43.6%,41.9%,14.5%,D+,1,65.5%,34.5%,D+,4,53.6%,46.4%,0.0%,D+,4,40.0%,60.0%,0.0%,R+,2,43.8%,55.4%,R+,0,48.0%,49.4%,0.4%,1.7%,R+,3,51.9%,48.1%,R+,2,58.3%,40.8%,D+,4,62.3%,37.0%,D+,0,61.5%,36.0%,2.1%,D+,4,42.3%,57.1%,D+,1,41.3%,45.3%,13.1%,D+,13,42.2%,55.1%,2.1%,D+,7,52.8%,44.8%,1.0%,D+,2,48.6%,23.7%,24.9%,1.7%,D+,3,48.6%,48.8%,1.0%,D+,4,48.8%,48.8%,1.0%,D+,10,46.2%,51.5%,D+,0,41.6%,54.7%,R+,5,53.4%,43.5%,0.4%,D+,3,50.3%,47.4%,D+,1,52.1%,46.1%,D+,3,54.4%,45.6%,,D+,4,56.0%,44.0%,D+,5,50.3%,49.7%,D+,6,67.2%,32.8%,D+,20,44.9%,55.1%,R+,0,6.4%,2.5%,45.9%,45.1%,45.0%,0.3%,54.6%,53.3%,46.7%,0.0%,W+,0,47.7%,52.1%,0.2%,D+,0,47.6%,52.4%,,W+,3,46.2%,53.8%,W+,1,46.3%,53.7%,,,W+,5,50.0%,50.0%,,R+,10,49.7%,50.3%,R+,6
Massachusetts,60.7%,37.5%,D+,10,61.8%,36.0%,D+,10,61.9%,36.8%,D+,14,59.8%,32.5%,6.4%,D+,15,61.5%,28.1%,8.9%,D+,14,47.5%,29.0%,22.8%,D+,9,53.2%,45.4%,D+,8,48.4%,51.2%,D+,8,41.7%,41.9%,15.2%,D+,5,56.1%,40.4%,D+,7,54.2%,45.2%,D+,16,63.0%,32.9%,3.7%,D+,16,76.2%,23.4%,D+,15,60.2%,39.6%,0.2%,D+,10,40.4%,59.3%,0.3%,R+,2,45.5%,54.2%,D+,1,54.7%,43.2%,,1.8%,D+,4,52.8%,47.0%,R+,1,53.1%,46.4%,R+,2,51.2%,41.8%,R+,7,50.6%,46.6%,2.2%,R+,7,50.2%,49.2%,D+,9,24.9%,62.3%,12.5%,R+,6,27.8%,68.5%,3.2%,R+,7,46.6%,50.5%,2.1%,R+,4,35.5%,32.0%,29.1%,2.6%,R+,12,34.0%,58.2%,2.4%,R+,9,37.2%,57.9%,3.1%,R+,1,37.8%,57.6%,R+,7,26.3%,69.5%,R+,20,45.2%,51.9%,0.8%,R+,5,44.0%,53.4%,R+,5,40.3%,48.4%,R+,5,39.6%,58.5%,1.6%,R+,10,41.9%,57.8%,R+,9,30.7%,69.2%,R+,13,30.2%,69.8%,R+,17,27.8%,72.2%,R+,17,20.2%,62.8%,3.6%,13.1%,23.1%,63.6%,11.5%,35.1%,41.4%,22.0%,W+,8,26.2%,45.3%,28.4%,W+,11,40.2%,50.8%,8.2%,W+,7,41.3%,57.4%,W+,5,44.8%,,,55.1%,W+,6,20.6%,47.3%,21.7%,R+,29,15.4%,76.4%,R+,39
Michigan,54.0%,44.6%,D+,3,57.3%,40.9%,D+,5,51.2%,47.8%,D+,3,51.3%,46.1%,2.0%,D+,2,51.7%,38.5%,8.7%,D+,3,43.8%,36.4%,19.3%,D+,1,45.7%,53.6%,R+,0,40.2%,59.2%,R+,0,42.5%,49.0%,7.0%,D+,2,46.4%,51.8%,R+,4,41.8%,56.2%,D+,4,48.2%,41.5%,10.0%,D+,4,66.7%,33.1%,D+,5,50.9%,48.8%,0.3%,D+,1,44.1%,55.6%,0.2%,D+,2,44.0%,55.4%,R+,0,47.6%,49.2%,,2.2%,R+,3,50.2%,49.2%,R+,3,49.5%,49.9%,R+,5,56.3%,38.8%,R+,3,52.4%,44.4%,2.4%,R+,5,28.9%,70.4%,R+,12,13.1%,75.4%,10.5%,R+,20,22.3%,72.8%,2.8%,R+,13,44.1%,52.1%,2.5%,R+,6,27.4%,27.6%,38.9%,4.2%,R+,15,32.4%,61.9%,2.1%,R+,11,25.8%,69.5%,1.7%,R+,13,38.9%,58.1%,R+,7,43.5%,53.8%,R+,3,43.3%,47.8%,4.3%,R+,4,44.9%,49.7%,R+,3,47.2%,48.0%,R+,1,37.3%,52.5%,9.9%,R+,8,44.5%,52.4%,R+,6,35.5%,62.7%,R+,8,43.0%,57.0%,R+,4,46.4%,53.6%,D+,1,42.0%,57.2%,0.5%,0.3%,41.5%,57.2%,1.3%,50.4%,40.8%,8.7%,D+,2,47.2%,36.8%,16.0%,D+,9,49.8%,43.7%,6.5%,D+,2,47.6%,51.7%,D+,1,56.2%,43.8%,,,D+,5,,,,,,,,,
Minnesota,52.7%,45.0%,D+,2,54.1%,43.8%,D+,2,51.1%,47.6%,D+,3,47.9%,45.5%,5.2%,D+,1,51.1%,35.0%,11.8%,D+,5,43.5%,31.9%,24.0%,D+,4,52.9%,45.9%,D+,7,49.7%,49.5%,D+,9,46.5%,42.6%,8.5%,D+,8,54.9%,42.0%,D+,6,46.1%,51.6%,D+,9,54.0%,41.5%,4.3%,D+,7,63.8%,36.0%,D+,3,50.6%,49.2%,0.3%,D+,1,46.1%,53.7%,0.2%,D+,4,44.1%,55.3%,R+,0,57.2%,39.9%,,2.3%,D+,7,52.4%,46.9%,R+,1,51.5%,47.7%,R+,3,61.8%,31.0%,D+,4,59.9%,36.3%,2.5%,D+,3,40.8%,57.8%,D+,0,6.8%,51.2%,41.3%,R+,23,19.4%,70.6%,7.6%,R+,15,46.2%,46.4%,5.2%,R+,2,31.8%,19.2%,37.7%,8.2%,R+,2,33.0%,59.1%,4.4%,R+,10,18.8%,74.0%,4.0%,R+,20,35.7%,60.2%,R+,10,40.9%,56.6%,R+,6,37.8%,46.0%,11.0%,R+,7,39.6%,54.1%,R+,8,36.9%,58.8%,R+,12,35.4%,62.3%,2.2%,R+,14,39.2%,58.8%,R+,12,38.7%,61.3%,R+,5,39.1%,60.9%,R+,8,40.9%,59.1%,R+,4,34.3%,63.5%,2.2%,,,,,,,,,,,,,,,,,,,,,,,,,,,,,,,,,,,,,,
Mississippi,43.8%,55.3%,R+,8,43.0%,56.2%,R+,10,39.8%,59.4%,R+,9,40.7%,57.6%,0.8%,R+,9,44.1%,49.2%,5.8%,R+,7,40.8%,49.7%,8.7%,R+,8,39.1%,59.9%,R+,7,37.5%,61.8%,R+,3,48.1%,49.4%,1.3%,D+,5,49.6%,47.7%,R+,0,19.6%,78.2%,R+,18,23.0%,13.5%,63.5%,D+,13,12.9%,87.1%,R+,48,36.3%,24.7%,39.0%,D+,9,58.2%,24.5%,17.3%,D+,28,60.4%,39.6%,D+,16,10.1%,2.6%,87.2%,0.1%,D+,27,93.6%,6.4%,D+,40,95.7%,4.2%,D+,41,97.0%,2.8%,D+,35,96.0%,3.5%,0.5%,D+,37,82.1%,17.9%,D+,41,89.3%,7.6%,3.1%,D+,57,84.0%,14.0%,2.0%,D+,50,92.8%,4.9%,1.7%,D+,43,88.9%,2.4%,5.5%,3.2%,D+,33,90.1%,6.5%,1.5%,D+,48,91.1%,5.6%,0.8%,D+,54,87.6%,9.7%,D+,43,91.0%,6.9%,D+,45,76.2%,2.7%,19.3%,D+,45,73.8%,26.0%,D+,24,64.3%,35.7%,D+,14,64.7%,29.8%,5.0%,D+,19,68.1%,31.9%,D+,17,36.5%,63.5%,R+,8,Reconstruction,,,,Civil War,,,,4.7%,,59.0%,36.2%,59.4%,,40.6%,60.5%,39.5%,,D+,7,50.6%,49.4%,,D+,3,57.4%,42.6%,,D+,7,46.6%,53.4%,W+,0,51.3%,,48.7%,,D+,0,100%,,,D+,40,81.1%,18.9%,D+,25
Missouri,44.3%,53.6%,R+,7,49.2%,49.4%,R+,4,46.1%,53.3%,R+,2,47.1%,50.4%,1.6%,R+,2,47.5%,41.2%,10.1%,R+,1,44.1%,33.9%,21.7%,D+,3,47.9%,51.8%,D+,2,40.0%,60.0%,R+,1,44.3%,51.2%,3.7%,D+,2,51.1%,47.5%,D+,1,37.7%,62.3%,R+,1,43.7%,44.9%,11.4%,R+,0,64.0%,36.0%,D+,3,50.3%,49.7%,0.0%,D+,0,50.1%,49.9%,0.0%,D+,8,49.1%,50.7%,D+,5,58.1%,41.5%,,0.3%,D+,6,51.4%,48.4%,R+,2,52.3%,47.5%,R+,3,60.8%,38.2%,R+,1,63.7%,35.1%,1.0%,D+,5,44.1%,55.6%,D+,3,43.8%,49.6%,6.4%,D+,12,43.1%,54.6%,1.5%,D+,8,50.6%,46.9%,1.9%,D+,0,47.3%,29.7%,17.8%,4.1%,R+,3,48.4%,48.5%,2.2%,D+,4,46.0%,49.9%,2.0%,D+,8,51.5%,45.9%,D+,6,54.0%,45.2%,D+,7,49.6%,42.0%,7.6%,D+,2,50.2%,45.3%,D+,2,53.5%,46.0%,D+,3,52.5%,38.7%,8.8%,D+,8,57.6%,41.4%,D+,7,55.5%,43.7%,D+,12,43.0%,57.0%,R+,4,30.3%,69.7%,R+,15,35.5%,10.3%,18.9%,35.3%,54.4%,,45.6%,56.4%,43.6%,,D+,3,55.1%,44.9%,,D+,8,57.0%,43.0%,,D+,6,56.6%,43.4%,D+,10,60.0%,,40.0%,,D+,9,100%,,,D+,40,70.6%,29.4%,D+,14
Montana,41.7%,55.3%,R+,9,47.1%,49.5%,R+,5,38.6%,59.1%,R+,9,33.4%,58.4%,5.9%,R+,14,41.2%,44.1%,13.6%,R+,6,37.6%,35.1%,26.1%,R+,2,46.2%,52.1%,D+,1,38.2%,60.5%,R+,2,32.4%,56.8%,8.0%,R+,8,45.4%,52.8%,R+,5,37.8%,57.9%,D+,1,41.6%,50.6%,7.3%,R+,4,58.9%,40.6%,R+,2,48.6%,51.1%,0.3%,R+,1,42.9%,57.1%,0.0%,D+,1,40.1%,59.4%,R+,4,53.1%,43.1%,,3.3%,D+,3,54.3%,44.9%,D+,1,58.8%,40.2%,D+,4,69.3%,27.6%,D+,9,58.8%,36.1%,3.6%,D+,3,40.5%,58.4%,R+,0,19.4%,42.5%,37.9%,R+,3,32.1%,61.1%,,R+,2,56.9%,37.6%,5.4%,D+,9,35.0%,23.2%,28.1%,13.6%,R+,4,42.6%,47.0%,8.5%,D+,2,33.8%,54.2%,8.8%,R+,2,58.4%,39.8%,D+,13,79.9%,19.7%,D+,32,39.8%,42.4%,16.5%,R+,3,,,,,,,,,,,,,,,,,,,,,,,,,,,,,,,,,,,,,,,,,,,,,,,,,,,,,,,,,,,,,,,,,,,,,,
Nebraska,38.0%,59.8%,R+,13,41.6%,56.5%,R+,11,32.7%,65.9%,R+,16,33.3%,62.2%,3.5%,R+,15,35.0%,53.7%,10.5%,R+,15,29.4%,46.6%,23.6%,R+,15,39.2%,60.2%,R+,7,28.8%,70.6%,R+,12,26.0%,65.5%,7.0%,R+,16,38.5%,59.2%,R+,12,29.5%,70.5%,R+,9,31.8%,59.8%,8.4%,R+,15,52.6%,47.4%,R+,9,37.9%,62.1%,0.0%,R+,12,34.5%,65.5%,0.0%,R+,8,30.8%,69.2%,R+,14,45.8%,54.2%,,,R+,7,41.4%,58.6%,R+,12,42.8%,57.2%,R+,12,57.1%,40.7%,R+,4,63.0%,35.3%,1.7%,D+,5,36.2%,63.2%,R+,5,29.6%,47.1%,23.0%,D+,4,31.3%,64.7%,2.5%,R+,4,55.3%,41.0%,2.5%,D+,6,43.7%,21.7%,29.1%,4.1%,D+,2,49.1%,47.6%,1.3%,D+,5,23.4%,61.4%,3.3%,R+,12,47.2%,50.5%,D+,1,51.5%,46.2%,D+,5,12.5%,43.6%,41.5%,R+,29,39.8%,53.5%,R+,8,40.5%,57.3%,R+,9,32.6%,62.9%,4.5%,R+,16,35.3%,64.7%,R+,16,29.3%,70.7%,R+,15,36.1%,63.9%,R+,11,,,,,,,,,,,,,,,,,,,,,,,,,,,,,,,,,,,,,,,,,,,,,
Nevada,52.4%,45.7%,D+,1,55.1%,42.7%,D+,3,47.9%,50.5%,R+,0,46.0%,49.5%,2.5%,R+,2,43.9%,42.9%,9.5%,R+,4,37.4%,34.7%,26.2%,R+,2,37.9%,58.9%,R+,7,32.0%,65.8%,R+,8,26.9%,62.5%,7.1%,R+,15,45.8%,50.2%,R+,3,36.3%,63.7%,R+,2,39.3%,47.5%,13.2%,R+,4,58.6%,41.4%,R+,3,51.2%,48.8%,0.0%,D+,1,42.0%,58.0%,0.0%,R+,0,38.6%,61.4%,R+,6,50.4%,47.3%,,2.4%,R+,1,54.6%,45.4%,D+,1,60.1%,39.9%,D+,5,72.8%,27.2%,D+,10,69.4%,30.6%,,D+,10,43.5%,56.5%,D+,2,21.9%,41.8%,36.3%,R+,0,36.2%,56.9%,6.9%,D+,3,53.4%,36.4%,9.2%,D+,8,39.7%,15.9%,27.9%,16.5%,D+,7,45.7%,43.9%,8.6%,D+,5,32.9%,56.7%,7.6%,R+,3,62.2%,37.8%,D+,15,81.2%,18.8%,D+,33,6.6%,25.8%,66.8%,R+,31,41.9%,57.7%,R+,8,43.6%,56.2%,R+,7,52.4%,47.6%,,D+,2,47.3%,52.7%,R+,4,42.6%,57.4%,R+,1,44.6%,55.4%,R+,3,40.2%,59.8%,R+,5,,,,,,,,,,,,,,,,,,,,,,,,,,,,,,,,,,,,,,,,,
New Hampshire,52.0%,46.4%,D+,1,54.1%,44.5%,D+,1,50.2%,48.9%,D+,2,46.8%,48.1%,3.9%,R+,1,49.3%,39.4%,9.7%,D+,1,38.9%,37.6%,22.6%,R+,3,36.3%,62.5%,R+,9,31.0%,68.7%,R+,10,28.4%,57.7%,12.9%,R+,12,43.5%,54.7%,R+,7,34.9%,64.0%,R+,3,43.9%,52.1%,3.8%,R+,4,63.9%,36.1%,D+,3,46.6%,53.4%,0.0%,R+,4,33.8%,66.1%,0.0%,R+,8,39.1%,60.9%,R+,5,46.7%,52.4%,,0.9%,R+,5,52.1%,47.9%,R+,2,53.2%,46.8%,R+,2,49.7%,48.0%,R+,12,49.0%,50.4%,0.5%,R+,10,41.0%,58.7%,R+,0,34.7%,59.8%,5.5%,D+,2,39.4%,59.8%,0.8%,D+,4,49.1%,49.1%,1.5%,R+,2,39.5%,37.4%,20.2%,2.3%,R+,13,37.6%,59.3%,1.4%,R+,7,37.8%,60.1%,1.2%,R+,1,38.4%,59.3%,R+,8,25.9%,68.7%,R+,20,47.1%,51.1%,0.3%,R+,4,47.8%,50.3%,R+,2,46.3%,51.1%,R+,3,47.2%,51.9%,0.6%,R+,2,48.1%,51.8%,R+,3,45.6%,53.9%,D+,2,44.8%,55.2%,R+,3,47.4%,52.6%,D+,2,39.3%,56.9%,3.2%,0.6%,45.7%,53.7%,0.6%,56.4%,30.6%,13.0%,D+,11,55.4%,29.5%,15.1%,D+,18,55.2%,36.3%,8.5%,D+,10,54.7%,43.9%,D+,9,75.0%,25.0%,,,D+,24,56.8%,43.2%,,R+,3,45.9%,54.1%,R+,10
New Jersey,58.2%,40.5%,D+,7,57.1%,41.6%,D+,4,52.9%,46.2%,D+,5,56.1%,40.3%,3.0%,D+,8,53.7%,35.9%,8.5%,D+,5,43.0%,40.6%,15.6%,R+,2,42.6%,56.2%,R+,3,39.2%,60.1%,R+,1,38.6%,52.0%,7.9%,R+,2,47.9%,50.1%,R+,2,36.8%,61.6%,R+,1,44.0%,46.1%,9.1%,R+,1,65.6%,33.9%,D+,5,50.0%,49.2%,0.9%,D+,0,34.2%,64.7%,1.1%,R+,8,42.0%,56.8%,R+,2,45.9%,50.3%,,2.2%,R+,5,50.3%,49.0%,R+,3,51.5%,47.9%,R+,3,59.5%,39.6%,R+,2,49.5%,47.6%,2.6%,R+,8,39.8%,59.8%,R+,1,27.4%,62.2%,10.0%,R+,4,28.4%,67.7%,3.0%,R+,7,42.7%,54.4%,2.1%,R+,8,41.2%,20.5%,33.6%,3.7%,D+,2,39.1%,56.8%,2.2%,R+,5,38.0%,56.7%,2.2%,D+,0,41.1%,55.3%,R+,4,36.0%,59.7%,R+,10,50.7%,46.2%,0.3%,D+,1,49.9%,47.5%,D+,1,49.0%,47.3%,D+,1,49.8%,49.0%,1.1%,D+,0,52.7%,47.0%,D+,1,45.5%,54.5%,D+,1,50.9%,49.1%,D+,4,52.8%,47.2%,D+,8,51.9%,48.1%,,,47.2%,28.5%,24.3%,53.2%,46.3%,0.4%,W+,0,47.5%,51.5%,1.1%,D+,1,49.4%,50.5%,0.2%,W+,1,48.1%,51.7%,D+,1,49.5%,50.5%,,,W+,1,49.9%,49.1%,1.0%,R+,9,47.9%,52.1%,R+,8
New Mexico,53.0%,42.8%,D+,3,56.9%,41.8%,D+,4,49.0%,49.8%,D+,1,47.9%,47.8%,3.6%,R+,0,49.2%,41.9%,5.8%,R+,1,45.9%,37.3%,16.1%,D+,2,46.9%,51.9%,D+,1,39.2%,59.7%,R+,1,36.8%,55.0%,6.5%,R+,5,48.3%,50.7%,R+,2,36.6%,61.0%,R+,1,39.7%,51.8%,7.9%,R+,6,59.2%,40.2%,R+,2,50.2%,49.4%,0.4%,D+,0,41.8%,57.8%,0.4%,R+,0,44.3%,55.4%,R+,0,56.4%,42.9%,,0.6%,D+,4,53.5%,46.4%,R+,0,56.6%,43.3%,D+,2,62.7%,36.5%,D+,1,62.7%,35.8%,1.2%,D+,5,40.9%,59.0%,R+,0,43.0%,48.5%,8.5%,D+,12,44.3%,54.7%,,D+,9,50.2%,46.6%,3.0%,D+,0,41.4%,35.9%,16.9%,5.8%,R+,11,,,,,,,,,,,,,,,,,,,,,,,,,,,,,,,,,,,,,,,,,,,,,,,,,,,,,,,,,,,,,,,,,,,,,,,,,,,,,,,,,,,,,,,,,,,,,
New York,63.3%,35.2%,D+,12,62.9%,36.0%,D+,10,58.4%,40.1%,D+,11,60.2%,35.2%,3.6%,D+,13,59.5%,30.6%,8.0%,D+,11,49.7%,33.9%,15.7%,D+,6,51.6%,47.5%,D+,6,45.8%,53.8%,D+,5,44.0%,46.7%,7.5%,D+,4,51.9%,47.5%,D+,1,41.2%,58.5%,D+,3,49.8%,44.3%,5.3%,D+,3,68.6%,31.3%,D+,7,52.5%,47.3%,0.2%,D+,3,38.8%,61.2%,0.0%,R+,3,43.6%,55.5%,R+,1,45.0%,46.0%,,8.2%,R+,3,52.3%,47.3%,R+,1,51.5%,47.9%,R+,3,58.8%,39.0%,R+,2,54.1%,41.3%,3.8%,R+,2,47.4%,49.8%,D+,8,29.1%,55.8%,14.6%,R+,0,27.0%,64.6%,7.0%,R+,7,44.5%,51.5%,2.7%,R+,5,41.3%,28.7%,24.6%,4.0%,R+,5,40.7%,53.1%,2.3%,R+,2,42.3%,53.1%,2.3%,D+,4,43.8%,53.1%,R+,2,38.7%,57.6%,R+,8,49.0%,45.6%,1.2%,D+,0,48.2%,49.3%,R+,1,48.2%,48.2%,R+,0,48.4%,50.3%,1.1%,R+,1,51.4%,48.2%,D+,0,46.8%,53.2%,D+,3,50.6%,49.4%,D+,3,49.5%,50.5%,D+,5,46.3%,53.7%,,,32.8%,46.3%,20.9%,50.2%,45.0%,4.8%,W+,1,25.1%,47.9%,26.4%,W+,13,48.9%,47.8%,3.3%,W+,0,48.2%,51.2%,D+,2,54.6%,45.4%,,,D+,4,52.1%,47.9%,,R+,8,51.4%,48.6%,R+,5
North Carolina,48.4%,50.4%,R+,3,49.7%,49.4%,R+,4,43.6%,56.0%,R+,5,43.2%,56.0%,,R+,7,44.0%,48.7%,6.7%,R+,7,42.7%,43.4%,13.7%,R+,4,41.7%,58.0%,R+,4,37.9%,61.9%,R+,3,47.2%,49.3%,2.8%,D+,4,55.3%,44.2%,D+,5,28.9%,69.5%,R+,9,29.2%,39.5%,31.3%,R+,7,56.2%,43.8%,R+,5,52.1%,47.9%,0.0%,D+,2,50.7%,49.3%,0.0%,D+,8,53.9%,46.1%,D+,9,58.0%,32.7%,8.8%,0.5%,D+,12,66.7%,33.3%,D+,13,74.0%,26.0%,D+,19,73.4%,26.6%,D+,11,69.9%,29.3%,0.8%,D+,11,45.1%,54.9%,D+,4,58.9%,39.7%,1.4%,D+,25,56.7%,43.2%,0.1%,D+,21,58.1%,41.7%,0.2%,D+,7,59.2%,11.9%,28.3%,0.4%,D+,19,54.2%,45.5%,0.1%,D+,9,59.7%,39.7%,0.1%,D+,20,53.9%,45.5%,D+,7,52.6%,46.8%,D+,5,47.4%,35.8%,15.8%,D+,5,51.8%,47.2%,D+,2,53.3%,46.6%,D+,3,51.5%,48.0%,0.5%,D+,2,53.6%,46.4%,D+,2,42.5%,57.4%,R+,2,46.6%,53.4%,R+,1,Civil War,,,,2.8%,,50.5%,46.7%,56.8%,,43.2%,50.4%,49.5%,,W+,3,44.8%,55.2%,,W+,3,47.6%,52.4%,,W+,3,42.3%,57.7%,W+,5,53.1%,,46.9%,,D+,2,84.8%,15.2%,,D+,25,73.1%,26.9%,D+,17
North Dakota,38.7%,58.3%,R+,12,44.5%,53.2%,R+,8,35.5%,62.9%,R+,13,33.1%,60.7%,3.3%,R+,15,40.1%,46.9%,12.2%,R+,9,32.2%,44.2%,23.1%,R+,11,43.0%,56.0%,R+,3,33.8%,64.8%,R+,7,26.3%,64.2%,7.8%,R+,16,45.8%,51.7%,R+,4,35.8%,62.1%,R+,2,38.2%,55.9%,5.7%,R+,9,58.0%,41.9%,R+,3,44.5%,55.4%,0.1%,R+,6,38.1%,61.7%,0.2%,R+,4,28.4%,71.0%,R+,16,43.4%,52.2%,0.2%,3.8%,R+,7,45.5%,53.8%,R+,8,44.2%,55.1%,R+,10,59.6%,26.6%,D+,7,69.6%,28.0%,1.4%,D+,12,44.5%,54.8%,D+,4,7.0%,47.7%,45.2%,R+,22,18.2%,77.8%,4.0%,R+,17,47.8%,46.3%,5.0%,R+,1,34.1%,26.7%,29.7%,8.0%,R+,8,34.8%,61.0%,2.6%,R+,9,20.4%,75.1%,2.9%,R+,19,39.6%,55.2%,R+,5,43.6%,55.6%,R+,4,,48.5%,49.0%,R+,52,,,,,,,,,,,,,,,,,,,,,,,,,,,,,,,,,,,,,,,,,,,,,,,,,,,,,,,,,,,,,,,,,,,,,,
Ohio,50.6%,47.6%,R+,0,51.4%,46.8%,R+,1,48.7%,50.8%,D+,0,46.5%,50.0%,2.5%,R+,2,47.4%,41.0%,10.7%,R+,1,40.2%,38.3%,21.0%,R+,2,44.1%,55.0%,R+,2,40.1%,58.9%,R+,0,40.9%,51.5%,5.9%,R+,0,48.9%,48.7%,R+,1,38.1%,59.6%,D+,1,42.9%,45.2%,11.8%,R+,1,62.9%,37.1%,D+,2,46.7%,53.3%,0.0%,R+,3,38.9%,61.1%,0.0%,R+,3,43.2%,56.8%,R+,1,49.5%,49.2%,,1.3%,R+,2,49.8%,50.2%,R+,4,52.2%,47.8%,R+,3,58.0%,37.4%,R+,2,49.9%,47.0%,2.5%,R+,8,34.5%,64.9%,R+,7,23.7%,58.3%,17.8%,R+,6,38.6%,58.5%,2.8%,D+,4,51.9%,44.2%,3.3%,D+,2,41.0%,26.8%,22.2%,8.7%,R+,4,44.8%,51.0%,3.0%,D+,1,34.3%,59.7%,3.6%,R+,4,45.7%,52.3%,R+,0,47.1%,51.9%,R+,0,47.5%,47.7%,1.7%,R+,2,47.2%,49.5%,R+,2,46.9%,51.0%,R+,2,47.0%,51.7%,0.9%,R+,2,49.1%,50.2%,R+,2,46.1%,53.2%,D+,2,46.0%,54.0%,R+,1,43.6%,56.4%,R+,1,43.3%,51.2%,2.6%,2.8%,44.2%,48.5%,7.3%,47.8%,43.2%,9.0%,W+,1,47.1%,42.1%,10.8%,D+,5,47.7%,49.7%,2.6%,W+,2,45.6%,54.1%,W+,1,47.6%,51.9%,,,W+,3,51.3%,48.4%,0.3%,R+,8,51.6%,48.4%,R+,5
Oklahoma,33.2%,66.8%,R+,19,34.4%,65.6%,R+,19,34.4%,65.6%,R+,14,38.4%,60.3%,,R+,11,40.4%,48.3%,10.8%,R+,9,34.0%,42.6%,23.0%,R+,9,41.3%,57.9%,R+,4,30.7%,68.6%,R+,10,35.0%,60.5%,3.3%,R+,8,48.7%,50.0%,R+,2,24.0%,73.7%,R+,14,32.0%,47.7%,20.3%,R+,9,55.7%,44.3%,R+,6,41.0%,59.0%,0.0%,R+,9,44.9%,55.1%,0.0%,D+,3,45.4%,54.6%,D+,1,62.7%,37.3%,,,D+,10,55.6%,44.2%,D+,2,57.4%,42.2%,D+,3,66.8%,32.7%,D+,5,73.3%,26.7%,,D+,14,35.4%,63.7%,R+,5,48.4%,42.8%,8.8%,D+,18,44.6%,50.1%,5.3%,D+,11,50.7%,33.3%,15.5%,D+,9,46.9%,35.8%,,16.4%,R+,8,48.0%,43.3%,8.5%,D+,7,,,,,,,,,,,,,,,,,,,,,,,,,,,,,,,,,,,,,,,,,,,,,,,,,,,,,,,,,,,,,,,,,,,,,,,,,,,,,,,,,,,,,,,,
Oregon,54.2%,42.1%,D+,4,56.7%,40.4%,D+,5,51.3%,47.2%,D+,3,47.0%,46.5%,5.0%,R+,0,47.2%,39.1%,8.8%,R+,0,42.5%,32.5%,24.2%,D+,3,51.3%,46.6%,D+,6,43.7%,55.9%,D+,3,38.7%,48.3%,9.5%,R+,0,47.6%,47.8%,R+,1,42.3%,52.4%,D+,6,43.8%,49.8%,6.1%,R+,3,63.7%,36.0%,D+,3,47.3%,52.6%,0.1%,R+,3,44.8%,55.2%,0.0%,D+,3,38.9%,60.5%,R+,5,46.4%,49.8%,,2.9%,R+,4,51.8%,46.9%,R+,1,53.7%,45.6%,R+,1,64.4%,29.6%,D+,6,58.0%,36.9%,4.2%,D+,2,34.1%,64.2%,R+,6,24.2%,51.0%,24.5%,R+,3,33.5%,60.2%,4.1%,R+,0,45.9%,48.5%,3.7%,R+,3,34.3%,25.3%,27.4%,9.7%,R+,7,34.3%,56.4%,6.6%,R+,8,19.4%,67.1%,8.5%,R+,18,39.4%,55.5%,R+,5,48.0%,50.1%,D+,1,18.1%,44.6%,34.4%,R+,23,42.9%,53.8%,R+,6,46.7%,51.0%,R+,2,48.9%,50.5%,0.6%,R+,1,47.4%,50.9%,R+,3,38.4%,58.7%,R+,4,50.4%,49.6%,D+,3,46.1%,53.9%,D+,1,28.0%,36.2%,34.4%,1.4%,,,,,,,,,,,,,,,,,,,,,,,,,,,,,,,,,,,,,
Pennsylvania,52.0%,46.6%,D+,1,54.5%,44.2%,D+,2,50.9%,48.4%,D+,3,50.6%,46.4%,2.1%,D+,2,49.2%,40.0%,9.6%,D+,0,45.1%,36.1%,18.2%,D+,2,48.4%,50.7%,D+,3,46.0%,53.3%,D+,5,42.5%,49.6%,6.4%,D+,1,50.4%,47.7%,D+,0,39.1%,59.1%,D+,2,47.6%,44.0%,8.0%,D+,2,64.9%,34.7%,D+,4,51.1%,48.7%,0.2%,D+,1,43.3%,56.5%,0.2%,D+,1,46.9%,52.7%,D+,2,46.9%,50.9%,,1.5%,R+,4,51.1%,48.4%,R+,2,53.2%,46.3%,R+,2,56.9%,40.8%,R+,4,45.3%,50.8%,3.2%,R+,12,33.9%,65.2%,R+,7,19.1%,65.3%,14.3%,R+,12,27.2%,65.8%,3.8%,R+,7,40.2%,54.3%,3.3%,R+,9,32.5%,22.4%,36.5%,6.9%,R+,5,35.4%,58.8%,2.7%,R+,8,27.3%,68.0%,1.8%,R+,11,36.2%,60.7%,R+,10,36.3%,61.0%,R+,10,45.1%,51.4%,0.9%,R+,5,44.8%,52.7%,R+,5,43.5%,53.0%,R+,5,46.6%,50.8%,2.4%,R+,2,48.2%,50.6%,R+,3,37.6%,62.1%,R+,6,47.8%,52.2%,D+,0,48.2%,51.8%,D+,3,3.5%,56.3%,37.5%,2.7%,50.1%,32.0%,17.9%,51.2%,46.2%,2.2%,W+,1,46.7%,50.3%,3.1%,D+,1,50.5%,48.6%,0.9%,D+,0,49.9%,50.0%,D+,3,51.2%,48.8%,,,D+,0,58.0%,,42.0%,D+,40,66.7%,33.3%,D+,11
Rhode Island,62.7%,35.2%,D+,12,62.9%,35.1%,D+,11,59.4%,38.7%,D+,12,61.0%,31.9%,6.1%,D+,15,59.7%,26.8%,11.2%,D+,14,47.0%,29.0%,23.2%,D+,8,55.6%,43.9%,D+,10,48.0%,51.7%,D+,7,47.7%,37.2%,14.4%,D+,11,55.4%,44.1%,D+,5,46.8%,53.0%,D+,9,64.0%,31.8%,4.1%,D+,17,80.9%,19.1%,D+,20,63.6%,36.4%,0.0%,D+,14,41.7%,58.3%,0.0%,R+,1,49.0%,50.9%,D+,5,57.6%,41.4%,,0.8%,D+,6,58.6%,41.3%,D+,5,56.7%,43.2%,D+,2,53.1%,40.2%,R+,6,55.1%,43.3%,1.2%,R+,3,50.2%,49.5%,D+,9,36.5%,59.6%,3.6%,D+,3,32.8%,64.0%,2.6%,R+,2,46.0%,51.1%,2.2%,R+,4,39.0%,35.6%,21.7%,2.6%,R+,12,34.2%,60.8%,1.9%,R+,10,36.2%,60.6%,1.4%,R+,3,35.0%,59.7%,R+,10,26.4%,68.3%,R+,20,45.7%,50.7%,0.4%,R+,4,43.0%,53.9%,R+,6,37.8%,58.1%,R+,11,36.9%,62.2%,0.8%,R+,13,40.2%,59.3%,R+,11,28.1%,71.9%,R+,16,33.5%,66.5%,R+,14,37.8%,62.2%,R+,7,38.6%,61.4%,,,33.7%,57.8%,8.5%,51.4%,44.8%,3.8%,W+,0,32.7%,60.8%,6.5%,W+,12,39.6%,59.5%,0.9%,W+,11,38.3%,61.2%,W+,8,52.2%,47.8%,,,D+,1,43.1%,56.9%,,R+,17,23.0%,77.0%,R+,33
South Carolina,44.1%,54.6%,R+,7,44.9%,53.9%,R+,8,40.9%,58.0%,R+,7,40.9%,56.8%,1.5%,R+,8,43.9%,49.9%,5.6%,R+,8,39.9%,48.0%,11.5%,R+,8,37.6%,61.5%,R+,8,35.6%,63.6%,R+,5,48.0%,49.6%,1.6%,D+,5,56.2%,43.1%,D+,6,27.9%,70.6%,R+,10,29.6%,38.1%,32.3%,R+,6,41.1%,58.9%,R+,20,51.2%,48.8%,0.0%,D+,1,45.4%,25.2%,29.4%,D+,22,50.7%,49.3%,D+,6,24.1%,3.8%,72.0%,0.1%,D+,34,87.6%,4.5%,D+,41,95.6%,4.4%,D+,41,98.6%,1.4%,D+,36,98.0%,1.9%,0.1%,D+,39,91.4%,8.5%,D+,50,96.6%,2.2%,1.2%,D+,63,96.1%,3.9%,0.0%,D+,60,96.7%,2.4%,0.2%,D+,46,95.9%,1.1%,2.6%,0.3%,D+,35,93.8%,5.9%,0.2%,D+,49,95.4%,4.6%,,D+,55,93.0%,7.0%,D+,46,85.3%,13.5%,D+,39,77.6%,18.9%,3.4%,D+,29,82.3%,17.2%,D+,32,75.3%,23.4%,D+,26,65.5%,34.1%,0.3%,D+,16,49.8%,50.2%,R+,2,23.8%,75.7%,R+,20,42.1%,57.9%,R+,5,Civil War,,,,Southern Democratic,,,,Democratic,,,Democratic,,,,,Democratic,,,,,Democratic,,,,,Democratic,,,,Whig - Willie Mangum,,,,,,Ind. Democrat - John Floyd,,,,,Democratic,,,
South Dakota,39.9%,57.9%,R+,11,44.7%,53.2%,R+,8,38.4%,59.9%,R+,10,37.6%,60.3%,,R+,12,43.0%,46.5%,9.7%,R+,7,37.1%,40.7%,21.8%,R+,6,46.5%,52.8%,D+,1,36.5%,63.0%,R+,4,31.7%,60.5%,6.5%,R+,10,48.9%,50.4%,R+,2,45.5%,54.2%,D+,7,42.0%,53.3%,4.8%,R+,6,55.6%,44.4%,R+,6,41.8%,58.2%,0.0%,R+,8,41.6%,58.4%,0.0%,R+,1,30.7%,69.3%,R+,14,47.0%,51.8%,,1.1%,R+,5,41.7%,58.3%,R+,12,42.6%,57.4%,R+,12,54.0%,42.5%,R+,6,63.6%,34.4%,0.5%,D+,6,39.2%,60.2%,R+,2,13.3%,49.7%,37.0%,R+,14,19.7%,60.7%,,R+,12,45.9%,49.8%,2.9%,R+,4,42.1%,,50.6%,4.0%,D+,36,35.1%,58.8%,2.5%,R+,8,21.7%,71.1%,3.1%,R+,17,41.1%,56.7%,R+,5,49.7%,49.5%,D+,2,12.9%,49.5%,37.6%,R+,31,,,,,,,,,,,,,,,,,,,,,,,,,,,,,,,,,,,,,,,,,,,,,,,,,,,,,,,,,,,,,,,,,,,,,,
Tennessee,39.0%,59.4%,R+,12,41.8%,56.8%,R+,11,42.5%,56.8%,R+,6,47.3%,51.1%,1.0%,R+,2,48.0%,45.6%,5.6%,R+,3,47.1%,42.4%,10.1%,R+,1,41.5%,57.9%,R+,4,41.6%,57.8%,D+,1,48.4%,48.7%,2.2%,D+,5,55.9%,42.9%,D+,6,29.7%,67.7%,R+,8,28.1%,37.8%,34.0%,R+,7,55.5%,44.5%,R+,6,45.8%,52.9%,1.3%,R+,4,48.6%,49.2%,2.2%,D+,7,49.7%,50.0%,D+,5,49.1%,36.9%,13.4%,0.3%,D+,5,60.4%,39.2%,D+,7,67.3%,32.4%,D+,13,68.8%,30.8%,D+,7,66.5%,32.5%,0.5%,D+,8,46.0%,53.8%,D+,5,52.9%,43.5%,3.5%,D+,20,48.2%,51.3%,0.5%,D+,12,56.3%,42.7%,0.9%,D+,5,52.8%,24.0%,21.5%,1.4%,D+,4,52.7%,45.9%,0.7%,D+,8,54.2%,43.4%,0.6%,D+,16,53.0%,45.0%,D+,7,52.1%,46.3%,D+,5,51.4%,37.8%,9.0%,D+,6,52.3%,45.8%,D+,3,51.5%,47.7%,D+,2,53.3%,44.3%,2.5%,D+,5,59.8%,40.2%,D+,8,52.2%,47.8%,D+,8,31.6%,68.4%,R+,16,Civil War,,,,7.7%,,44.6%,47.7%,52.2%,,47.8%,49.3%,50.7%,,W+,4,47.5%,52.5%,,D+,0,49.9%,50.1%,,W+,1,44.3%,55.7%,W+,3,42.1%,,57.9%,,W+,9,95.4%,4.6%,,D+,36,95.2%,4.8%,D+,39
Texas,41.4%,57.1%,R+,10,43.6%,55.4%,R+,10,38.2%,61.1%,R+,10,38.0%,59.3%,2.2%,R+,11,43.8%,48.8%,6.7%,R+,7,37.1%,40.6%,22.0%,R+,6,43.3%,56.0%,R+,2,36.1%,63.6%,R+,5,41.4%,55.3%,2.5%,R+,2,51.1%,48.0%,D+,1,33.2%,66.2%,R+,5,41.1%,39.9%,19.0%,D+,1,63.3%,36.5%,D+,2,50.5%,48.5%,1.0%,D+,1,44.0%,55.3%,0.8%,D+,2,46.7%,53.1%,D+,2,66.0%,24.3%,9.1%,0.3%,D+,21,71.4%,16.6%,D+,27,80.9%,18.9%,D+,26,87.1%,12.3%,D+,25,88.1%,11.3%,0.5%,D+,29,48.1%,51.8%,D+,7,73.7%,19.8%,6.5%,D+,44,59.3%,23.5%,1.7%,D+,35,76.9%,17.5%,5.1%,D+,30,72.7%,9.5%,8.9%,8.2%,D+,24,74.0%,22.4%,2.7%,D+,31,71.5%,21.9%,1.2%,D+,37,63.1%,30.8%,D+,20,68.0%,30.7%,D+,21,56.7%,19.2%,23.6%,D+,23,65.7%,24.7%,D+,22,69.3%,28.6%,D+,20,64.7%,23.9%,11.3%,D+,23,70.0%,30.0%,D+,19,57.1%,40.7%,D+,14,Reconstruction,,,,Civil War,,,,,,75.5%,24.5%,66.6%,,33.4%,73.1%,26.9%,,D+,19,70.3%,29.7%,,D+,23,,,,,,,,,,,,,,,,,,,,,,,,
Utah,24.7%,72.5%,R+,27,34.2%,62.2%,R+,18,26.0%,71.5%,R+,22,26.3%,66.8%,4.7%,R+,22,33.3%,54.4%,10.0%,R+,17,24.7%,43.4%,27.3%,R+,17,32.0%,66.2%,R+,13,24.7%,74.5%,R+,16,20.6%,72.8%,5.0%,R+,23,33.6%,62.4%,R+,16,26.4%,67.6%,R+,10,37.1%,56.5%,6.4%,R+,10,54.9%,45.1%,R+,6,45.2%,54.8%,0.0%,R+,5,35.4%,64.6%,0.0%,R+,7,41.1%,58.9%,R+,3,54.0%,45.0%,,1.0%,D+,2,60.4%,39.4%,D+,7,62.3%,37.6%,D+,7,69.3%,29.8%,D+,7,56.5%,41.0%,2.0%,R+,1,45.9%,53.6%,D+,5,29.9%,49.3%,20.8%,D+,3,38.8%,55.9%,2.2%,D+,5,58.8%,37.8%,3.1%,D+,9,32.5%,37.5%,21.5%,8.0%,R+,18,39.2%,56.2%,4.5%,R+,4,32.9%,61.4%,5.7%,R+,5,48.3%,50.6%,D+,2,82.7%,17.3%,D+,35,,,,,,,,,,,,,,,,,,,,,,,,,,,,,,,,,,,,,,,,,,,,,,,,,,,,,,,,,,,,,,,,,,,,,,,,,,,
Vermont,66.6%,31.0%,D+,16,67.5%,30.4%,D+,15,58.9%,38.8%,D+,12,50.6%,40.7%,6.9%,D+,5,53.4%,31.1%,12.0%,D+,8,46.1%,30.4%,22.8%,D+,7,47.6%,51.1%,D+,2,40.8%,57.9%,D+,1,38.4%,44.4%,14.9%,D+,2,43.1%,54.3%,R+,7,36.5%,62.7%,R+,1,43.5%,52.8%,3.2%,R+,4,66.3%,33.7%,D+,5,41.3%,58.6%,0.0%,R+,9,27.8%,72.2%,0.0%,R+,14,28.2%,71.5%,R+,16,36.9%,61.5%,,1.0%,R+,15,42.9%,57.1%,R+,11,44.9%,54.8%,R+,10,43.2%,56.4%,R+,19,41.1%,57.7%,1.1%,R+,18,32.9%,66.9%,R+,8,15.7%,78.2%,5.8%,R+,18,23.3%,75.8%,,R+,13,35.2%,62.4%,1.2%,R+,16,24.4%,37.1%,35.2%,1.5%,R+,25,21.8%,75.1%,,R+,23,18.8%,78.0%,1.7%,R+,21,22.9%,75.7%,R+,24,16.7%,80.1%,R+,31,29.3%,68.1%,0.1%,R+,22,25.6%,69.0%,R+,23,29.2%,66.5%,R+,20,28.1%,69.8%,1.9%,R+,21,31.4%,68.3%,R+,20,20.6%,78.3%,R+,23,21.4%,78.6%,R+,26,23.9%,76.1%,R+,21,19.4%,75.9%,4.2%,0.5%,20.8%,78.0%,1.1%,29.7%,50.5%,19.6%,W+,17,22.8%,48.3%,28.9%,W+,15,37.0%,54.8%,8.1%,W+,10,35.5%,63.9%,W+,11,40.1%,59.9%,,,W+,11,24.5%,34.7%,40.8%,R+,18,24.8%,75.2%,R+,31
Virginia,51.2%,47.3%,D+,0,52.6%,46.3%,R+,1,45.5%,53.7%,R+,3,44.4%,52.5%,2.2%,R+,4,45.1%,47.1%,6.6%,R+,6,40.6%,45.0%,13.6%,R+,6,39.2%,59.7%,R+,6,37.1%,62.3%,R+,4,40.3%,53.0%,5.1%,R+,2,48.0%,49.3%,R+,2,30.1%,67.8%,R+,7,32.5%,43.4%,23.6%,R+,7,53.5%,46.2%,R+,8,47.0%,52.4%,0.6%,R+,3,38.4%,55.4%,6.3%,R+,1,43.4%,56.3%,R+,1,47.9%,41.0%,10.4%,0.5%,D+,1,62.4%,37.4%,D+,9,68.1%,31.6%,D+,13,70.2%,29.4%,D+,8,68.5%,30.1%,0.8%,D+,10,45.9%,53.9%,D+,5,62.5%,32.8%,4.6%,D+,31,61.3%,37.9%,0.3%,D+,26,66.8%,32.1%,0.7%,D+,16,65.9%,17.0%,15.9%,0.6%,D+,15,60.5%,38.4%,0.2%,D+,16,61.8%,36.9%,0.2%,D+,23,55.3%,43.8%,D+,9,52.5%,45.9%,D+,6,56.2%,38.7%,4.2%,D+,8,50.0%,49.5%,R+,0,51.1%,48.9%,D+,1,60.5%,39.5%,,D+,11,59.6%,40.4%,D+,8,49.5%,50.5%,D+,5,Reconstruction,,,,Civil War,,,,9.7%,1.1%,44.5%,44.6%,60.0%,,40.0%,55.7%,44.3%,,D+,2,50.8%,49.2%,,D+,3,53.0%,47.0%,,D+,2,50.6%,49.4%,D+,4,56.6%,,43.3%,,D+,6,75.0%,25.0%,0.0%,D+,15,69.0%,31.0%,D+,13
Washington,55.8%,41.0%,D+,6,57.3%,40.3%,D+,5,52.8%,45.6%,D+,5,50.1%,44.6%,4.1%,D+,3,49.8%,37.3%,8.9%,D+,2,43.4%,32.0%,23.7%,D+,4,50.0%,48.5%,D+,5,42.9%,55.8%,D+,3,37.3%,49.7%,10.6%,R+,2,46.1%,50.0%,R+,3,38.6%,56.9%,D+,2,47.2%,45.1%,7.4%,D+,2,62.0%,37.4%,D+,1,48.3%,50.7%,1.0%,R+,1,45.4%,53.9%,0.6%,D+,3,44.7%,54.3%,D+,1,52.6%,42.7%,,3.5%,D+,3,56.8%,42.2%,D+,4,58.2%,40.6%,D+,4,66.4%,29.9%,D+,6,57.5%,33.9%,2.8%,D+,4,31.3%,67.1%,R+,9,10.2%,52.2%,35.8%,R+,18,21.1%,56.0%,2.2%,R+,9,48.1%,43.9%,6.0%,D+,1,26.9%,21.8%,35.2%,12.4%,R+,9,31.9%,57.7%,7.7%,R+,10,19.4%,70.0%,6.9%,R+,18,41.7%,53.4%,R+,3,57.0%,41.8%,D+,10,33.9%,41.4%,21.8%,R+,7,,,,,,,,,,,,,,,,,,,,,,,,,,,,,,,,,,,,,,,,,,,,,,,,,,,,,,,,,,,,,,,,,,,,,,
West Virginia,35.5%,62.1%,R+,16,42.5%,55.6%,R+,10,43.2%,56.1%,R+,5,45.6%,51.9%,1.6%,R+,4,51.5%,36.8%,11.3%,D+,4,48.4%,35.4%,15.9%,D+,4,52.2%,47.5%,D+,6,44.6%,55.1%,D+,4,49.8%,45.3%,4.3%,D+,8,58.1%,41.9%,D+,7,36.4%,63.6%,R+,2,49.6%,40.8%,9.6%,D+,5,67.9%,32.1%,D+,7,52.7%,47.3%,0.0%,D+,3,45.9%,54.1%,0.0%,D+,4,51.9%,48.1%,D+,7,57.3%,42.2%,,0.4%,D+,5,54.9%,45.1%,D+,1,57.1%,42.9%,D+,2,60.6%,39.2%,R+,2,54.5%,44.5%,0.7%,R+,4,41.0%,58.4%,D+,0,44.1%,49.5%,6.3%,D+,12,43.3%,55.3%,1.1%,D+,8,48.4%,49.4%,2.1%,R+,2,42.1%,21.1%,29.4%,5.7%,D+,2,43.2%,53.4%,1.4%,R+,1,42.0%,55.3%,0.7%,D+,3,44.8%,54.3%,R+,2,46.8%,52.2%,R+,1,49.4%,46.9%,2.4%,R+,0,49.3%,49.0%,R+,0,50.9%,47.7%,D+,1,50.9%,41.1%,8.0%,D+,5,56.7%,42.1%,D+,6,47.3%,51.7%,D+,4,41.2%,58.8%,R+,6,31.8%,68.2%,R+,13,,,,,,,,,,,,,,,,,,,,,,,,,,,,,,,,,,,,,,,,,
Wisconsin,52.8%,45.9%,D+,2,56.2%,42.3%,D+,3,49.7%,49.3%,D+,1,47.8%,47.6%,3.6%,R+,0,48.8%,38.5%,10.4%,D+,1,41.1%,36.8%,21.5%,R+,1,51.4%,47.8%,D+,6,45.0%,54.2%,D+,5,43.2%,47.9%,7.1%,D+,3,49.5%,47.8%,R+,0,43.7%,53.4%,D+,7,44.3%,47.9%,7.6%,R+,2,62.1%,37.7%,D+,1,48.0%,51.8%,0.2%,R+,2,37.8%,61.6%,0.6%,R+,4,38.7%,61.0%,R+,6,50.7%,46.3%,,2.0%,R+,0,48.6%,50.4%,R+,5,50.1%,48.3%,R+,4,63.8%,30.3%,D+,5,63.5%,31.2%,4.8%,D+,8,44.3%,53.5%,D+,4,8.1%,37.1%,54.0%,R+,17,16.2%,71.1%,11.5%,R+,18,42.8%,49.4%,6.2%,R+,5,41.1%,32.7%,15.6%,8.4%,R+,9,36.7%,54.5%,6.2%,R+,5,28.0%,63.2%,6.4%,R+,9,36.0%,60.1%,R+,9,37.0%,59.9%,R+,10,47.7%,46.0%,2.7%,R+,1,43.8%,49.8%,R+,4,45.8%,50.4%,R+,3,42.9%,54.0%,3.0%,R+,6,48.2%,50.6%,R+,3,45.0%,54.6%,D+,1,43.8%,56.2%,R+,4,44.1%,55.9%,R+,1,42.7%,56.6%,0.6%,0.1%,44.2%,55.3%,0.5%,52.0%,34.3%,13.6%,D+,7,38.3%,35.1%,26.6%,D+,5,,,,,,,,,,,,,,,,,,,,,,,,
Wyoming,27.8%,68.6%,R+,23,32.5%,64.8%,R+,20,29.1%,68.9%,R+,19,27.7%,67.8%,2.1%,R+,21,36.8%,49.8%,12.3%,R+,12,34.0%,39.5%,25.6%,R+,7,38.0%,60.5%,R+,8,28.2%,70.5%,R+,12,28.0%,62.6%,6.8%,R+,14,39.8%,59.3%,R+,11,30.5%,69.0%,R+,8,35.5%,55.8%,8.7%,R+,11,56.6%,43.4%,R+,5,45.0%,55.0%,0.0%,R+,5,39.9%,60.1%,0.0%,R+,2,37.1%,62.7%,R+,7,51.6%,47.3%,,0.9%,R+,0,48.8%,51.2%,R+,5,52.8%,46.9%,R+,2,60.6%,37.5%,R+,1,56.1%,40.8%,2.9%,R+,1,35.4%,63.7%,R+,5,16.1%,52.4%,31.5%,R+,11,31.9%,64.2%,,R+,3,54.6%,41.9%,2.8%,D+,5,36.2%,34.4%,21.8%,6.5%,R+,13,39.7%,55.4%,4.6%,R+,4,29.1%,66.7%,3.5%,R+,10,41.2%,58.7%,R+,6,51.5%,47.8%,D+,4,,50.5%,46.1%,R+,52,,,,,,,,,,,,,,,,,,,,,,,,,,,,,,,,,,,,,,,,,,,,,,,,,,,,,,,,,,,,,,,,,,,,,,
Washington DC,90.9%,7.3%,D+,41,92.5%,6.5%,D+,40,89.2%,9.3%,D+,42,85.2%,9.0%,5.2%,D+,40,85.2%,9.3%,1.9%,D+,35,84.6%,9.1%,4.3%,D+,37,82.6%,14.3%,D+,39,85.4%,13.7%,D+,45,74.9%,13.4%,9.3%,D+,40,81.6%,16.5%,D+,32,78.1%,21.6%,D+,40,81.8%,18.2%,,D+,32,85.5%,14.5%,D+,24,,,,,,,,,,,,,,,,,,,,,,,,,,,,,,,,,,,,,,,,,,,,,,,,,,,,,,,,,,,,,,,,,,,,,,,,,,,,,,,,,,,,,,,,,,,,,,,,,,,,,,,,,,,,,,,,,,,,,,,,,,,,,,,,,,,,,,,,,,,,,,,,,,,,,,,,,,,
